contract_id,source_ids,decision_ids,lean_model,lean_assurance,rust_implementation,rust_conformance,rust_origin_evidence,rust_origin_assurance,circuit_evidence,circuit_assurance,reduction_evidence,reduction_assurance,blocker_ids
SN-FND-FIELD,"SRC-PAPER-04","","","open","crates/neo-params/src/lib.rs:NeoParams","open","","open","","open","protocol-contract/security-reduction.md","open",""
SN-FND-RING,"SRC-PAPER-04","","","open","crates/neo-params/src/lib.rs:NeoParams","open","","open","","open","protocol-contract/security-reduction.md","open",""
SN-FND-DIMENSIONS,"SRC-PAPER-04","","","open","crates/neo-params/src/lib.rs:NeoParams","open","","open","","open","protocol-contract/security-reduction.md","open",""
SN-NORM-CENTERED,"SRC-PAPER-04","","","open","crates/neo-math/src/balanced.rs:within_nc_bound","open","","open","crates/neo-fold-legacy/src/paper/decider_ce_relation/mod.rs","open","protocol-contract/security-reduction.md","open",""
SN-NORM-BOUNDS,"SRC-PAPER-04","","","open","crates/neo-math/src/balanced.rs:within_nc_bound","open","","open","crates/neo-fold-legacy/src/paper/decider_ce_relation/mod.rs","open","protocol-contract/security-reduction.md","open",""
SN-SPLIT-ABSTRACT,"SRC-PAPER-04","","","open","crates/neo-reductions/src/common.rs:split_b_matrix_k","open","","open","crates/neo-fold-legacy/src/paper/reductions/pi_dec_circuit","open","protocol-contract/security-reduction.md","open",""
SN-EMBED-COEFFICIENTS,"SRC-PAPER-05","","","open","crates/neo-math/src/ring.rs:superneo_bar_vec;crates/neo-math/src/ring.rs:ct","open","","open","crates/neo-fold-legacy/src/paper/decider_ce_relation/evaluation.rs","open","protocol-contract/security-reduction.md","open",""
SN-EMBED-MODULE-ACTION,"SRC-PAPER-05","","","open","crates/neo-math/src/ring.rs:superneo_bar_vec;crates/neo-math/src/ring.rs:ct","open","","open","crates/neo-fold-legacy/src/paper/decider_ce_relation/evaluation.rs","open","protocol-contract/security-reduction.md","open",""
SN-REL-STRUCTURE,"SRC-PAPER-07","","","open","crates/neo-ccs/src/relations.rs:CcsStructure","open","","open","crates/neo-fold-legacy/src/engine/r1cs_circuit","open","protocol-contract/security-reduction.md","open",""
SN-REL-CCS,"SRC-PAPER-07","","","open","crates/neo-ccs/src/relations.rs:check_ccs_rowwise_zero","open","","open","crates/neo-fold-legacy/src/frontends/r1cs_f_prime","open","protocol-contract/security-reduction.md","open",""
SN-REL-CE,"SRC-PAPER-02;SRC-PAPER-07;SRC-PAPER-12","","","open","crates/neo-fold-legacy/src/lifecycle/verify.rs:check_ce_relation","open","","open","crates/neo-fold-legacy/src/paper/decider_ce_relation","open","protocol-contract/security-reduction.md","open",""
SN-GLOBAL-STRONG-SET,"SRC-PAPER-04;SRC-PAPER-07;SRC-PAPER-12","","","open","crates/neo-params/src/lib.rs:NeoParams","open","","open","","open","protocol-contract/security-reduction.md","open",""
SN-GLOBAL-NORM-GUARD,"SRC-PAPER-04;SRC-PAPER-07;SRC-PAPER-12","","","open","crates/neo-params/src/lib.rs:NeoParams","open","","open","","open","protocol-contract/security-reduction.md","open",""
SN-GLOBAL-COMMITMENT,"SRC-PAPER-04;SRC-PAPER-07;SRC-PAPER-12","","","open","crates/neo-params/src/lib.rs:NeoParams","open","","open","","open","protocol-contract/security-reduction.md","open",""
SN-STRONGSET-DIVISOR,"SRC-PAPER-12","","","open","crates/neo-params/src/lib.rs","open","","open","","open","protocol-contract/security-reduction.md","open",""
SN-STRONGSET-DIFFERENCE,"SRC-PAPER-12","","","open","crates/neo-params/src/lib.rs","open","","open","","open","protocol-contract/security-reduction.md","open",""
SN-STRONGSET-EXPANSION,"SRC-PAPER-12","","","open","crates/neo-params/src/lib.rs","open","","open","","open","protocol-contract/security-reduction.md","open",""
SN-MSIS-PARAMETERS,"SRC-PAPER-04;SRC-PAPER-07;SRC-PAPER-12;SRC-PAPER-13","","","open","crates/neo-ajtai/src/commit.rs","open","","open","","open","protocol-contract/security-reduction.md","open",""
SN-RED-STAGE,"SRC-PAPER-04;SRC-PAPER-06","","","open","","open","","open","","open","protocol-contract/security-reduction.md","open",""
SN-RED-KNOWLEDGE,"SRC-PAPER-04;SRC-PAPER-06","","","open","","open","","open","","open","protocol-contract/security-reduction.md","open",""
SN-RED-SEQUENTIAL,"SRC-PAPER-04;SRC-PAPER-06;SRC-PAPER-12","","","open","","open","","open","","open","protocol-contract/security-reduction.md","open",""
SN-RED-RELATIONS,"SRC-PAPER-04;SRC-PAPER-06;SRC-PAPER-07;SRC-PAPER-13","","","open","","open","","open","","open","protocol-contract/security-reduction.md","open",""
SN-RED-PROJECTION,"SRC-PAPER-04;SRC-PAPER-06","","","open","","open","","open","","open","protocol-contract/security-reduction.md","open",""
SN-RED-STRONG-CONDITIONS,"SRC-PAPER-04;SRC-PAPER-06;SRC-PAPER-07;SRC-PAPER-13","","","open","","open","","open","","open","protocol-contract/security-reduction.md","open",""
SN-RED-WEAK-CONDITIONS,"SRC-PAPER-04;SRC-PAPER-06;SRC-PAPER-07;SRC-PAPER-13","","","open","","open","","open","","open","protocol-contract/security-reduction.md","open",""
SN-SUMCHECK-CLAIM,"SRC-PAPER-04","","","open","crates/neo-reductions/src/sumcheck.rs:RoundOracle","open","","open","crates/neo-fold-legacy/src/paper/reductions/pi_ccs_circuit","open","protocol-contract/security-reduction.md","open",""
SN-SUMCHECK-ROUNDS,"SRC-PAPER-04","","","open","crates/neo-reductions/src/sumcheck.rs:RoundOracle","open","","open","crates/neo-fold-legacy/src/paper/reductions/pi_ccs_circuit","open","protocol-contract/security-reduction.md","open",""
SN-SUMCHECK-SOUNDNESS,"SRC-PAPER-04","","","open","crates/neo-reductions/src/sumcheck.rs:RoundOracle","open","","open","crates/neo-fold-legacy/src/paper/reductions/pi_ccs_circuit","open","protocol-contract/security-reduction.md","open",""
SN-PICCS-POLYNOMIAL,"SRC-PAPER-07;SRC-PAPER-13","","","open","crates/neo-reductions/src/engines/paper_exact_engine","open","","open","","open","protocol-contract/security-reduction.md","open",""
SN-PICCS-TARGET,"SRC-PAPER-07;SRC-PAPER-13","","","open","crates/neo-reductions/src/engines/paper_exact_engine","open","","open","","open","protocol-contract/security-reduction.md","open",""
SN-PICCS-EXECUTION,"SRC-PAPER-07;SRC-PAPER-13","","","open","crates/neo-reductions/src/engines/paper_exact_engine","open","","open","","open","protocol-contract/security-reduction.md","open",""
SN-PICCS-OUTPUT,"SRC-PAPER-07;SRC-PAPER-13","","","open","crates/neo-reductions/src/engines/paper_exact_engine","open","","open","","open","protocol-contract/security-reduction.md","open",""
SN-PICCS-CHARACTERIZATION,"SRC-PAPER-07;SRC-PAPER-13","","","open","crates/neo-reductions/src/engines/paper_exact_engine","open","","open","","open","protocol-contract/security-reduction.md","open",""
SN-PICCS-IDENTITY,"SRC-PAPER-07;SRC-PAPER-13","","","open","crates/neo-reductions/src/engines/paper_exact_engine","open","","open","","open","protocol-contract/security-reduction.md","open",""
SN-PICCS-DEGREE,"SRC-PAPER-07;SRC-PAPER-13","","","open","crates/neo-reductions/src/engines/pi_ccs_joint.rs:build_joint_dims_for_shape","open","","open","","open","protocol-contract/security-reduction.md","open",""
SN-PICCS-LOSSES,"SRC-PAPER-07;SRC-PAPER-13","","","open","crates/neo-reductions/src/engines/pi_ccs_joint.rs:build_joint_dims_for_shape","open","","open","","open","protocol-contract/security-reduction.md","open",""
SN-PICCS-EXTRACTOR-FLOW,"SRC-PAPER-07;SRC-PAPER-13","","","open","","open","","open","","open","protocol-contract/security-reduction.md","open",""
SN-PICCS-EXTRACTOR-TARGET,"SRC-PAPER-07;SRC-PAPER-13","","","open","","open","","open","","open","protocol-contract/security-reduction.md","open",""
SN-PIRLC-DOMAIN,"SRC-PAPER-07;SRC-PAPER-13","","","open","crates/neo-reductions/src/api.rs:rlc_with_commit","open","","open","crates/neo-fold-legacy/src/paper/nifs/circuit/pi_rlc","open","protocol-contract/security-reduction.md","open",""
SN-PIRLC-EQUATIONS,"SRC-PAPER-07;SRC-PAPER-13","","","open","crates/neo-reductions/src/api.rs:rlc_with_commit","open","","open","crates/neo-fold-legacy/src/paper/nifs/circuit/pi_rlc","open","protocol-contract/security-reduction.md","open",""
SN-PIRLC-OUTPUT,"SRC-PAPER-07;SRC-PAPER-13","","","open","crates/neo-reductions/src/api.rs:rlc_with_commit","open","","open","crates/neo-fold-legacy/src/paper/nifs/circuit/pi_rlc","open","protocol-contract/security-reduction.md","open",""
SN-PIRLC-FORK-LOSS,"SRC-PAPER-07;SRC-PAPER-12;SRC-PAPER-13","","","open","","open","","open","","open","protocol-contract/security-reduction.md","open",""
SN-PIRLC-FORK-SET,"SRC-PAPER-12","","","open","","open","","open","","open","protocol-contract/security-reduction.md","open",""
SN-PIRLC-AGREEMENT,"SRC-PAPER-07;SRC-PAPER-13","","","open","","open","","open","","open","protocol-contract/security-reduction.md","open",""
SN-PIDEC-SPLIT,"SRC-PAPER-07;SRC-PAPER-13","","","open","crates/neo-reductions/src/api/dec.rs:verify_dec_public","open","","open","crates/neo-fold-legacy/src/paper/reductions/pi_dec_circuit","open","protocol-contract/security-reduction.md","open",""
SN-PIDEC-EQUATIONS,"SRC-PAPER-07;SRC-PAPER-13","","","open","crates/neo-reductions/src/api/dec.rs:verify_dec_public","open","","open","crates/neo-fold-legacy/src/paper/reductions/pi_dec_circuit","open","protocol-contract/security-reduction.md","open",""
SN-PIDEC-OUTPUT,"SRC-PAPER-07;SRC-PAPER-13","","","open","crates/neo-reductions/src/api/dec.rs:verify_dec_public","open","","open","crates/neo-fold-legacy/src/paper/reductions/pi_dec_circuit","open","protocol-contract/security-reduction.md","open",""
SN-COMP-ORDER,"SRC-PAPER-02;SRC-PAPER-06;SRC-PAPER-07;SRC-PAPER-12","","","open","crates/neo-fold-legacy/src/paper/nifs","open","","open","crates/neo-fold-legacy/src/paper/nifs/circuit","open","protocol-contract/security-reduction.md","open",""
SN-COMP-BINDING,"SRC-PAPER-02;SRC-PAPER-06;SRC-PAPER-07;SRC-PAPER-12","","","open","crates/neo-fold-legacy/src/paper/nifs","open","","open","crates/neo-fold-legacy/src/paper/nifs/circuit","open","protocol-contract/security-reduction.md","open",""
SN-FOLD-TYPE,"SRC-PAPER-02;SRC-PAPER-04;SRC-PAPER-06;SRC-PAPER-07;SRC-PAPER-12","","","open","crates/neo-fold-legacy/src/paper/nifs","open","","open","crates/neo-fold-legacy/src/paper/nifs/circuit","open","protocol-contract/security-reduction.md","open",""
SN-FOLD-PROOF,"SRC-PAPER-02;SRC-PAPER-04;SRC-PAPER-06;SRC-PAPER-07;SRC-PAPER-12","","","open","crates/neo-fold-legacy/src/paper/nifs","open","","open","crates/neo-fold-legacy/src/paper/nifs/circuit","open","protocol-contract/security-reduction.md","open",""
SN-SEC-ABSTRACT,"SRC-PAPER-02;SRC-PAPER-06;SRC-PAPER-07;SRC-PAPER-12","","","open","","open","","open","","open","protocol-contract/security-reduction.md","open",""
NS-ALGEBRA-PROFILE,"not-in-paper","NSD-DOMAIN-001;NSD-ENCODING-001","","open","crates/neo-params/src/lib.rs","open","","open","","open","protocol-contract/security-reduction.md","open",""
NS-SHAPE-LOGICAL,"not-in-paper","NSD-CARRIER-001;NSD-DOMAIN-001","","open","","open","","open","","open","","open",""
NS-SHAPE-PADDING,"not-in-paper","NSD-DOMAIN-001;NSD-DOMAIN-MAP-001","","open","","open","","open","","open","","open",""
NS-SHAPE-IDENTITY,"not-in-paper","NSD-DOMAIN-MAP-001;NSD-NORM-BINDING-001","","open","","open","","open","","open","","open",""
NS-SHAPE-POLYNOMIAL,"not-in-paper","NSD-DOMAIN-MAP-001;NSD-PICCS-001","","open","","open","","open","","open","","open",""
NS-PUBLIC-CARRIER,"not-in-paper","NSD-AUTHORITY-001;NSD-CARRIER-001","","open","crates/neo-fold-legacy/src/frontends/r1cs_f_prime/lean_native_ccs_manifest.rs","open","","open","crates/neo-fold-legacy/src/paper/reductions/pi_ccs_circuit","open","protocol-contract/security-reduction.md","open",""
NS-SPLIT-BINARY,"not-in-paper","NSD-SPLIT-001","","open","crates/neo-reductions/src/common.rs","open","","open","crates/neo-fold-legacy/src/paper/reductions/pi_dec_circuit","open","protocol-contract/security-reduction.md","open",""
NS-COMMITMENT-PROFILE,"not-in-paper","NSD-AUTHORITY-001;NSD-ENCODING-001","","open","","open","","open","","open","","open",""
NS-PICCS-VARIANT,"SRC-PAPER-07","NSD-NORM-BINDING-001;NSD-PICCS-001","","open","","open","","open","","open","","open",""
NS-PICCS-PADDING-EQUIVALENCE,"not-in-paper","NSD-DOMAIN-MAP-001;NSD-NORM-BINDING-001","","open","","open","","open","","open","","open",""
NS-PICCS-COINS,"not-in-paper","NSD-BATCH-COINS-001;NSD-TRANSCRIPT-001","","open","","open","","open","","open","","open",""
NS-PICCS-SUMCHECK,"not-in-paper","NSD-ENCODING-001;NSD-PICCS-001;NSD-TRANSCRIPT-001","","open","","open","","open","","open","","open",""
NS-PICCS-TERMINAL,"not-in-paper","NSD-AUTHORITY-001;NSD-ENCODING-001;NSD-PICCS-001","","open","","open","","open","","open","","open",""
NS-PICCS-NORM-BINDING,"not-in-paper","NSD-AUTHORITY-001;NSD-NORM-BINDING-001","","open","","open","","open","","open","","open",""
NS-PICCS-NO-COLUMN,"not-in-paper","NSD-COLUMN-001;NSD-COLUMN-MAP-001","","open","","open","","open","","open","","open",""
NS-PICCS-CENSUS,"not-in-paper","NSD-DOMAIN-MAP-001;NSD-SECURITY-001","","open","","open","","open","","open","","open",""
NS-PIRLC-PROFILE,"not-in-paper","NSD-SAMPLER-001;NSD-TRANSCRIPT-001","","open","","open","","open","","open","","open",""
NS-PIDEC-PROFILE,"not-in-paper","NSD-AUTHORITY-001;NSD-SPLIT-001","","open","","open","","open","","open","","open",""
NS-RED-PADDED-RELATIONS,"not-in-paper","NSD-NORM-BINDING-001;NSD-REDUCTION-FRAMEWORK-001","","open","","open","","open","","open","","open",""
NS-RED-COMPOSITION,"not-in-paper","NSD-BATCH-COINS-001;NSD-COLUMN-001;NSD-REDUCTION-FRAMEWORK-001","","open","","open","","open","","open","","open",""
NS-AUTH-STRUCTURE,"not-in-paper","NSD-AUTHORITY-001;NSD-ENCODING-001","","open","crates/neo-fold-legacy/src/relation_artifact.rs:VerifierKeyRelationArtifact;crates/neo-fold-legacy/src/frontends/nebula/f_prime/relation_artifact.rs:validate_relation_artifact_json","open","crates/neo-fold-legacy/tests/system/relation_artifact.rs;protocol-contract/check_relation_artifact_evidence.py","open","crates/neo-fold-legacy/src/paper/nifs/circuit","open","protocol-contract/security-reduction.md","open",""
NS-AUTH-CLAIM,"not-in-paper","NSD-AUTHORITY-001;NSD-COLUMN-001","","open","crates/neo-ccs/src/relations.rs","open","","open","crates/neo-fold-legacy/src/paper/nifs/circuit","open","protocol-contract/security-reduction.md","open",""
NS-AUTH-DERIVED,"not-in-paper","NSD-AUTHORITY-001;NSD-HASH-001;NSD-PROVENANCE-001","","open","crates/neo-ccs/src/relations.rs","open","","open","crates/neo-fold-legacy/src/paper/nifs/circuit","open","protocol-contract/security-reduction.md","open",""
NS-ENC-BASE,"not-in-paper","NSD-ENCODING-001","","open","crates/neo-math;crates/neo-transcript","open","","open","crates/neo-fold-legacy/src/engine/r1cs_circuit","open","protocol-contract/security-reduction.md","open",""
NS-ENC-EXTENSION,"not-in-paper","NSD-ENCODING-001","","open","crates/neo-math;crates/neo-transcript","open","","open","crates/neo-fold-legacy/src/engine/r1cs_circuit","open","protocol-contract/security-reduction.md","open",""
NS-ENC-RING,"not-in-paper","NSD-ENCODING-001","","open","crates/neo-math;crates/neo-transcript","open","","open","crates/neo-fold-legacy/src/engine/r1cs_circuit","open","protocol-contract/security-reduction.md","open",""
NS-ENC-CONTAINER,"not-in-paper","NSD-ENCODING-001;NSD-TRANSCRIPT-001","","open","crates/neo-math;crates/neo-transcript","open","","open","crates/neo-fold-legacy/src/engine/r1cs_circuit","open","protocol-contract/security-reduction.md","open",""
NS-ENC-STRUCTURE,"not-in-paper","NSD-AUTHORITY-001;NSD-ENCODING-001","","open","crates/neo-ccs/src/relations.rs","open","","open","crates/neo-fold-legacy/src/paper/nifs/circuit","open","protocol-contract/security-reduction.md","open",""
NS-ENC-COMMITMENT,"not-in-paper","NSD-ENCODING-001","","open","crates/neo-math;crates/neo-transcript","open","","open","crates/neo-fold-legacy/src/engine/r1cs_circuit","open","protocol-contract/security-reduction.md","open",""
NS-POSEIDON-PARAMETERS,"not-in-paper","NSD-HASH-001;NSD-TRANSCRIPT-001","","open","crates/neo-transcript;crates/neo-fold-legacy/src/engine/transcript.rs","open","","open","crates/neo-fold-legacy/src/engine/r1cs_circuit/transcript.rs","open","protocol-contract/security-reduction.md","open",""
NS-TRANSCRIPT-SPONGE,"not-in-paper","NSD-HASH-001;NSD-TRANSCRIPT-001","","open","crates/neo-transcript;crates/neo-fold-legacy/src/engine/transcript.rs","open","","open","crates/neo-fold-legacy/src/engine/r1cs_circuit/transcript.rs","open","protocol-contract/security-reduction.md","open",""
NS-TRANSCRIPT-FRAMING,"not-in-paper","NSD-TRANSCRIPT-001","","open","crates/neo-transcript;crates/neo-fold-legacy/src/engine/transcript.rs","open","","open","crates/neo-fold-legacy/src/engine/r1cs_circuit/transcript.rs","open","protocol-contract/security-reduction.md","open",""
NS-VERIFIER-KEY-DIGEST,"not-in-paper","NSD-ENCODING-001;NSD-HASH-001;NSD-TRANSCRIPT-001","","open","crates/neo-transcript;crates/neo-fold-legacy/src/engine/transcript.rs","open","","open","crates/neo-fold-legacy/src/engine/r1cs_circuit/transcript.rs","open","protocol-contract/security-reduction.md","open",""
NS-TRANSCRIPT-ORDER,"not-in-paper","NSD-PICCS-001;NSD-SAMPLER-001;NSD-TRANSCRIPT-001","","open","crates/neo-transcript;crates/neo-fold-legacy/src/engine/transcript.rs","open","","open","crates/neo-fold-legacy/src/engine/r1cs_circuit/transcript.rs","open","protocol-contract/security-reduction.md","open",""
NS-CHALLENGE-EXTENSION,"not-in-paper","NSD-BATCH-COINS-001;NSD-TRANSCRIPT-001","","open","crates/neo-transcript;crates/neo-fold-legacy/src/engine/transcript.rs","open","","open","crates/neo-fold-legacy/src/engine/r1cs_circuit/transcript.rs","open","protocol-contract/security-reduction.md","open",""
NS-SAMPLER-CANDIDATES,"not-in-paper","NSD-SAMPLER-001;NSD-TRANSCRIPT-001","","open","crates/neo-reductions/src/common.rs","open","","open","crates/neo-fold-legacy/src/paper/nifs/circuit","open","protocol-contract/security-reduction.md","open",""
NS-SAMPLER-REPETITIONS,"not-in-paper","NSD-SAMPLER-001","","open","crates/neo-reductions/src/common.rs","open","","open","crates/neo-fold-legacy/src/paper/nifs/circuit","open","protocol-contract/security-reduction.md","open",""
NS-SAMPLER-LOSS,"not-in-paper","NSD-SAMPLER-001;NSD-SECURITY-001","","open","crates/neo-reductions/src/common.rs","open","","open","crates/neo-fold-legacy/src/paper/nifs/circuit","open","protocol-contract/security-reduction.md","open",""
NS-SECURITY-POLICY,"not-in-paper","NSD-SECURITY-001;NSD-THREAT-MODEL-001","","open","crates/neo-fold-legacy/src/lifecycle/mod.rs","open","","open","","open","protocol-contract/security-reduction.md","open",""
NS-DECIDER-PROFILE,"not-in-paper","NSD-CIRCUIT-001;NSD-DECIDER-001;NSD-ENCODING-001;NSD-HASH-001","","open","crates/neo-fold-legacy/src/engine/decider","open","","open","crates/neo-fold-legacy/src/engine/decider/terminal.rs","open","protocol-contract/security-reduction.md","open",""
NS-RUST-EVIDENCE-ORIGIN,"not-in-paper","NSD-PROVENANCE-001","","open","","open","","open","","open","protocol-contract/security-reduction.md","open",""
NS-RUST-EVIDENCE-CONTENT,"not-in-paper","NSD-PROVENANCE-001","","open","","open","","open","","open","protocol-contract/security-reduction.md","open",""
NS-CIRCUIT-MANIFEST,"not-in-paper","NSD-CIRCUIT-001;NSD-PROVENANCE-001","","open","crates/neo-fold-legacy/src/engine/r1cs_circuit","open","","open","crates/neo-fold-legacy/tests/gadgets/f_prime_recursive_manifest.rs","open","protocol-contract/security-reduction.md","open",""
NS-CIRCUIT-COMPLETENESS,"not-in-paper","NSD-CIRCUIT-001","","open","crates/neo-fold-legacy/src/engine/r1cs_circuit","open","","open","crates/neo-fold-legacy/src/paper/reductions/pi_ccs_circuit","open","protocol-contract/security-reduction.md","open",""
NS-CIRCUIT-SOUNDNESS,"not-in-paper","NSD-CIRCUIT-001","","open","crates/neo-fold-legacy/src/engine/r1cs_circuit","open","","open","crates/neo-fold-legacy/src/paper/reductions/pi_ccs_circuit","open","protocol-contract/security-reduction.md","open",""
NS-CIRCUIT-PUBLIC-INPUT,"not-in-paper","NSD-CIRCUIT-001;NSD-ENCODING-001;NSD-HASH-001","","open","crates/neo-fold-legacy/src/engine/r1cs_circuit","open","","open","crates/neo-fold-legacy/src/paper/reductions/pi_ccs_circuit","open","protocol-contract/security-reduction.md","open",""
NS-CIRCUIT-LOWERING,"not-in-paper","NSD-CIRCUIT-001","","open","crates/neo-fold-legacy/src/engine/r1cs_circuit","open","","open","crates/neo-fold-legacy/src/paper/reductions/pi_ccs_circuit","open","protocol-contract/security-reduction.md","open",""
NS-DECIDER-CORRESPONDENCE,"not-in-paper","NSD-DECIDER-001;NSD-ENCODING-001;NSD-TRANSCRIPT-001","","open","crates/neo-fold-legacy/src/engine/decider","open","","open","crates/neo-fold-legacy/src/engine/decider/terminal.rs","open","protocol-contract/security-reduction.md","open",""
NS-SEC-REDUCTION,"not-in-paper","NSD-REDUCTION-FRAMEWORK-001;NSD-SECURITY-001;NSD-THREAT-MODEL-001","","open","crates/neo-fold-legacy/src/lifecycle/mod.rs","open","","open","","open","protocol-contract/security-reduction.md","open",""
NS-SEC-COMPOSITION,"not-in-paper","NSD-SECURITY-001;NSD-THREAT-MODEL-001","","open","crates/neo-fold-legacy/src/lifecycle/mod.rs","open","","open","","open","protocol-contract/security-reduction.md","open",""
NS-RELEASE-IMPLEMENTATION,"not-in-paper","NSD-PROVENANCE-001","","open","protocol-contract/check_contract.py","open","protocol-contract/coverage.csv","open","","open","protocol-contract/security-reduction.md","open",""
NS-RELEASE-PRODUCTION,"not-in-paper","NSD-CIRCUIT-001;NSD-DECIDER-001;NSD-PROVENANCE-001;NSD-SECURITY-001","","open","protocol-contract/check_contract.py","open","protocol-contract/coverage.csv","open","","open","protocol-contract/security-reduction.md","open",""
